ID;Variedad;Precio;Días Producción
HS03;SERVICIO DE HECHURA DE SEMILLA B200 (1 MES);70;0
HS02;SERVICIO DE HECHURA DE SEMILLA B162 (1 MES);65;0
HS01;SERVICIO DE HECHURA DE SEMILLA B128 (1 MES);70;0
HS04;SERVICIO DE HECHURA DE SEMILLA B128 (2 MESES);86;0
HS05;SERVICIO DE HECHURA DE SEMILLA B162 (2 MESES);81;0
HS06;SERVICIO DE HECHURA DE SEMILLA B200 (2 MESES);96;0
HS09;SERVICIO DE HECHURA DE SEMILLA B200 (3 MESES);122;0
HS10;SERVICIO DE HECHURA DE SEMILLA B200 (4 MESES);148;0
HS12;SERVICIO DE HECHURA DE SEMILLA B50 (4 MESES);174;0
HS13;SERVICIO DE HECHURA DE SEMILLA B200 (5 MESES);174;0
HS15;SERVICIO DE HECHURA DE SEMILLA B50 (5 MESES);200;0
HS16;QUILLAY;200;0
HS17;PETUNIA EASY WAVE PINK;96;0
HS18;PETUNIA EASY WAVW PINK PASION;96;0
HS19;PETUNIA EASY WAVE ROSY DAWN;96;0
HS20;PETUNIA EASY WAVE NEON ROSE;96;0
HS21;VIOLA SORBET XP MIX;96;0
HS22;IMPATIENS BEACON;96;0
HS23;IMPATIENS BEACON ORANGE;96;0
HS24;IMPATIENS BEACON RED BRIGHT;96;0
HS25;IMPATIENS BEACON ROSE;96;0
HS26;IMPATIENS BEACON SALMON;96;0
HS27;IMPATIENS BEACON WHITE;96;0
HS28;IMPATIENS BEACON VIOLA SHADE;96;0
HS29;SALVIA VISTA RED;122;0
HS30;MARIGOLD AFRICAN TAISHAN YELLOW;96;0
HS31;LIMONIUM STATICE;96;0
HE02;SERVICIO DE HECHURA ESQUEJE B162 (1 MES);160;0
HE01;SERVICIO DE HECHURA DE ESQUEJE B128 (1 MES);130;0
HE03;SERVICIO DE HECHURA DE ESQUEJE B128 (2 MESES);158;0
HE04;SERVICIO DE HECHURA DE ESQUEJE B162 (2 MESES);198;0
HE05;SERVICIO DE HECHURA DE ESQUEJE B128 (3 MESES);186;0
HE06;SERVICIO DE HECHURA DE ESQUEJE B162 (3 MESES);236;0
HE08;CIANUTU RASTRERO / CEANOTO;196;0
HE09;MIRTO ENANO;168;0
HE10;DIOSMA;800;0
HE11;SERVICIO DE HECHURA DE ESQUEJES (4 MESES);168;0
HE12;PEPEROMIA MORADA / CAPERATA;1500;0
HE13;ABELIA;196;0
HE14;ABELIA VARIEGADA;196;0
HE15;EUGENIA;196;0
HE16;RUSH;0;0
HE18;SERVICIO DE HECHURA DE ESQUEJES B50 (4 MESES);200;0
HE19;SERVICIO DE HECHURA DE ESQUEJES B50 (5 MESES);230;0
HE20;JUNÍPERO AZUL;286;0
HE21;BANDEJA DE 50;250;0
HE22;PHILICA;236;0
E01;RUHS CRENATA;300;90
E02;VERONICA BUXIFOLIA;300;90
E03;HIEDRA CARDENAL;400;60
E04;CARDENAL (GERANIO);300;90
E05;PELARGONIO GRANDE;310;60
E06;PELARGONIO ENANO;300;60
E07;COPROSMA;350;60
E08;DIOSMA AMARILLO;800;90
E09;SANTOLINA;300;60
E10;LAVANDA FRANCESA;300;60
E11;LAVANDA INGLESA;350;60
E12;LAVANDA STOECHA;300;60
E13;ROMERO ARBUSTIVO;320;90
E14;ROMERO RASTRERO/ PROSTRATUS;320;90
E15;BRACHICOME;320;30
E16;VERONICA CUPHEA;320;30
E17;ALEGRIA DEL HOGAR DOBLE;390;30
E18;OREGANO;100;30
E19;LANTANA ARBUSTIVA;350;30
E20;MONALISA;350;30
E21;SUCULENTA / SEDUM;200;30
E22;FUCSIA;330;30
E23;SALVIA LEUCANTA MIDNIGHT;330;30
E24;ERYCIMUM;350;60
E25;MENTA;80;30
E26;ARTEMISA;80;30
E27;MELISA;90;30
E28;MIRTO;350;60
E29;OSTEOSPERMUM;310;30
E30;PETUNIA WAVE;250;30
E31;VAUTRO/BACHARIS CONCAVA;330;60
E32;FICUS RASTRERO;330;60
E34;CEANOTO RASTRERO/CEANOTHUS THYRSIFLORUS;350;90
E35;CIANUTU ARBUSTIVO / CEANOTO;350;90
E36;PAQUERETTE;350;30
E37;BACOPA;300;30
E38;LEONICERA;350;30
E39;ABELIA;350;60
E40;POLEO;110;30
E41;EUVONIMO ENANO;360;60
E42;PITOSPORO RASTRERO;360;60
E43;CIGTUS;350;30
E44;DIPLADEMIA;1500;90
E45;EUGENIA;350;60
E46;CHOMISOIDE;350;60
E47;CACTUS NAVIDAD;330;90
E48;TOBIRA ENANO;400;90
E49;SALVIA ELIGINOSA;350;60
E50;GAURA;350;30
E51;VERBENA;320;30
E52;ILEX CRENATA;350;90
E54;COCHABAMBINA;550;60
E53;CALIBROCHOA;300;60
E55;BOUGAINVILLEA;1500;90
E56;BIGNONIA DOS HERMANAS/ CLYTOSTOMA CALLISTEGIOIDES;600;120
E57;BIGNONIA ROSADA;500;60
E100;TUCAN;350;30
E58;MIOSPORO;250;30
E60;LIGUSTRINA;250;90
E59;LAURENTINA;400;90
E61;MALVA DE CERRO;300;60
E62;CERATO STIGMA;168;60
E63;PICHIROMERO;168;60
E64;ESPANTO;168;60
E65;OREGANILLO;168;60
E67;CUPHEA AEQUIEPETALA;300;60
E101;SALVIA MALLA;330;60
E102;LAVANDA STOECHA MORADA;300;60
E103;ABELIA VARIEGADO;350;60
E104;VERONICA CUPHEA BLANCA;320;30
E105;VERONICA CUPHEA FUCSIA;320;30
E106;HIEDRA CARDENAL ROSADO;400;90
E107;LAVANDULA BLUE SPEAR;102;30
E108;RUDA;90;60
E109;PENNISETUM RUPELIANO;200;90
E110;LAUREL DE FLOR ENANO;300;90
E111;JAZMIN HELICE;1500;180
E112;PITOSPORO NIGRICANS;360;90
E113;COPROSMA ROJO;350;60
E114;COPROSMA ROSADA;350;60
E115;COPROSMA KISKI;350;60
E116;OSTEOSPERMUM MIX;310;60
E117;OSTEOSPERMIM SUNSET CHADE;310;60
E118;COPROSMA VARIEGADO;0;60
E119;LAUREL DE FLOR;300;90
E120;VERONICA WESTRINGIA;300;90
E121;POLYGALA;350;90
E122;VERONICA COMPACTA;300;90
E123;CARDENAL VARIEGADO;300;90
E124;JAZMIN POLEANTA;300;90
E125;STENOCARPUS;0;90
E00;FICUS REPENS;300;90
E126;ROMERO TOSCANO/ TUSCAN BLUE;320;60
E127;HORTENSIA;400;90
E128;CRATEUS;280;90
E129;ABELIA ENANA;350;90
E131;ABELIA GRANDIFLORA;350;90
E132;CISTUS FUCSIA;0;90
E133;LIBONIA (FOSFORITO);300;90
E134;COLEONEMA;0;90
E135;DIOSMA ERICOIDES (ROSADO);800;90
E136;DIOSMA ERICOIDES (AMARILLO);800;90
E137;SALVIA JAMENSIS MIX;300;90
E138;PRIMULA;0;60
E139;ARGYRANTHEMUM/ ARGIRANTEMO;250;60
E140;LIGUSTRO COMPACTO;250;90
E141;VINCA MAJOR;200;90
E142;HELECHO NEPHROLEPIS;300;90
E143;VITADINIA BAN 162;200;90
E144;STIPA CAUDATA;170;90
E145;NEPETA CATARINA;200;60
E146;SALVIA MAGALLANICA;330;60
E147;VERONICA POSTRATA;320;90
E148;VERONICA PINGUIFOLIA;320;90
E149;JAZMIN SOLANO;350;90
E150;PEPEROMIA CUCHARITA / POLYBOTRYA;800;150
E151;PILEA;300;60
E152;SCHEFFLERA VARIEGADA;1500;150
E153;PEPEROMIA MORADA / CAPERATA;1500;180
E154;GREVILLEA ROSMARINIFOLIA;300;90
E155;DAFNE / DAPHNE ODORA;300;90
E156;BOJ VERDE;450;90
E157;CITUS BLANCO;300;90
E158;DIOSMA VERDE;800;90
E159;LAVANDA GOODWING CREECK;300;90
E160;CONVOLVULUS AZUL/SABATIUS;200;60
E161;CONVOLBULUS BLANCO;200;60
E162;PLUMBAGO;200;90
E163;ABUTILON;250;90
E164;JUNIPERUS;350;90
E165;IBERIS;250;90
E166;PEROYSKIA;300;90
E167;VERBENA BONARIENSIS;320;60
E168;TIQUI TIQUI 162 ALVEOLOS;350;60
E169;RUHS ARBUSTIVO;300;90
E170;MIOPORO RASTRERO;300;60
E171;HIERBABUENA;150;90
E172;AUCUBA;350;90
E173;BUXUS (BOJ) HOJA LARGA;350;90
E174;BUXUS MICRPHYLA FAULKNER;350;90
E175;BUXUS SEMPERVIRENS;350;90
E176;BOXUS SEMPERVIRENS VARIEGATUM;350;90
E177;CANTUA BUXIFOLIA;20;90
E178;CARYOPTERIS CLANDONENSIS;350;90
E179;CISTUS BLANCO RASTRERO;300;90
E180;COPROSMA REPENS CHOCOLATE;350;90
E181;CORREA PULCHELLA;300;90
E182;HYPERICUM CALYCINUM;300;90
E183;SOLANUM JASMINOIDES;350;90
E184;MENTA MOJITO;150;60
E185;FALKIA REPENS;350;90
E186;TIQUI TIQUI 50 ALVEOLOS;420;60
E187;PENISETUM VERDE;297;90
E188;JAZMIN AZORICO;350;90
E189;MIX DE SEDUM 6 ESPECIES ( JADE);200;30
E190;TRADESCANTIA ZEBRINA;300;60
E191;TRADESCANTIA NANOUK;250;60
E192;TRADESCANTIA VERDE;250;60
E193;TRADESCANTIA BLANCA;250;60
E194;TRADESCANTIA PALLIDA;250;60
E195;CEDRON;112;60
E196;GAURA BLANCA;350;90
E197;ERICA ROSADA;350;90
E198;ERICA BLANCA;350;90
E199;ABUTILON MEGAPOTANICUM;250;90
E200;LAVANDA GOODWIN GREEK;350;90
E201;CUPRESSUS MACROCARPA GOLDCREST;1500;150
E202;COPRESUS GOLDCREST;1500;150
E203;AGATEA VERDE;400;90
E204;AGATEA VARIEGADO;400;90
E205;DOQULLA;200;60
E206;PITOSPORO VARIEGADO;400;90
E207;ESCALLONA RUBRA;350;120
E208;SALVIA OFFICIANALIS;300;60
E209;NEPETA MUSSINI;300;90
E210;SALVIA CHAMAEDOREA;300;90
E211;ALBAHACA MORADA;130;90
E212;HINOJO;130;90
E213;MANZANILLA;130;90
E214;STVIA;130;90
E215;MATICO;130;90
E216;STEVIA;180;90
E217;ALBAHACA VERDE;130;90
E218;PHILICA / FILICA;350;90
E219;RAYITO DE SOL;200;60
E220;LIRIOPE MUSCARI;600;90
E221;LIRIOPE MUSCARI BAN 128;1000;90
E222;CHAMISA;350;90
E223;BIGNONIA BLANCA/ COPA DE VINO;400;90
E224;VITADINIA BAN 50;250;90
E225;SEDUM ALBUM, RUPESTRE ANGELINA AL MAYOR;150;60
E226;SEDUM SEXAGULARE;150;90
E227;SPURIUM AL MAYOR;150;90
E228;BACCHARIS CONCAVA/ VAUTRO AL MAYOR;300;90
E229;ROSMARINUS OFFICINALIS;300;90
E230;OSCULALARIA DELTOIDES;200;90
E231;VERONICA REPEMS;300;90
E232;APTENIA CORDIFOLIA;350;60
E233;VERONICA REPEMS (ALVEOLO 72);400;90
E234;FALKIA REPEMS (ALV72);450;90
E235;APTENIA CORDIFOLIA (ALV72);450;90
E236;CONVOLVULUS BLANCO FLOR GRIS;200;90
E237;ABUTILON ROJO;350;90
E238;BERBERIS JULIANAE;400;120
E239;BERBERI THUNBERGII ATROPURPUREA;400;120
E240;BERBERI THUNBERGII ATROPURPUREA NANA;400;120
E241;BUXUS BODENIERI (BOJ);500;120
E242;BOXUS MICROPHYLLA FAULKNER (BOJ);400;120
E243;BUXUS SEMPERVIREMS (BOJ);400;120
E244;BOXUS BODENIERI;400;120
E245;CALLIANDRA TWEEDII (INGA FULGENS);500;120
E246;CHOYSYA TERNATA;600;150
E247;CISSUS STRIATA;600;150
E248;COPROSMA KIRKII VARIEGATA (RASTRERO);400;120
E249;COPROSMA PETRIEI;700;150
E250;CORREA REPEMS O RASTRERA;500;120
E251;JAZMIN ESPAÑA U OFICIALIS;400;120
E252;FELICIA AMELLOIDES /AGATEA;500;90
E253;CITUS FUCSIA;300;90
E254;SALVIA MARGA / TRENIUM;350;90
E255;PELARGONIO ENANO ALV 50;400;90
S44;DHALIA FIGARO;78;30
S106;LAVANDULA BLUE SPEAR;102;60
S107;LAVANDULA ELLAGANCE;96;60
S133;PANSY MATRIX;126;60
S152;PRIMMA PRIMA (PRIMULA);165;90
S150;PRIMAC DANOVA (PRIMULA);131;90
S16;BEGONIA SENATOR;130;90
S02;ALYSSUM CLEAR CRISTAL;60;30
S03;ALYSSUM EASTER BONNET;69;30
S04;ALYSSUM SNOW CRYSTAL;80;30
S05;ALYSSUM WONDERLAND;64;30
S07;AQUILEGIA EARLYBIRD;188;60
S08;ARABIS BARRANCA;84;60
S10;BACOPA BLUTOPIA/PINKTOPIA/SNOWTOPIA;181;30
S11;BACOPA FUSEABLES UTOPIA;214;30
S12;BEGONIA AMBASSADOR;130;90
S13;BEGONIA BABY WING;214;90
S14;BEGONIA DRAGON WING;225;90
S15;BEGONIA MEGAWATT;257;90
S17;BEGONIA SPRINT PLUS;107;90
S18;BEGONIA TUB AMERIH;214;90
S19;BEGONIA TUB FUNKY;236;90
S20;BEGONIA TUB NONSTOP;187;90
S21;BEGONIA TUB ON TOP;136;90
S22;BELLIS BELLISSIMA;88;60
S23;BELLIS HABANERA;84;60
S24;CALENDULA BON BON;104;60
S28;CAMPANULA CAMPANELLA;136;60
S30;CELOSIA CONCERTINA;109;30
S31;CELOSIA DRACULA;156;30
S32;CELOSIA FIRST FLAME;71;30
S33;CELOSIA ICE CREAM;71;30
S34;CELOSIA KIMONO;71;30
S35;COLEUS KONG;167;30
S36;COLEUS PREM SUN CHOC COV CHRY;167;30
S37;COLEUS WIZARD;72;30
S38;COREOPSIS GRANDIF DOUBLE THE SUN;94;60
S39;COREOPSIS GRANDIF SUNFIRE;94;60
S40;COREOPSIS GRANDIF SUNKISS;94;60
S41;COREOPSIS GRANDIF EARLY SUNRISE;86;60
S43;CUPHEA RAMOSISSIMA PINK SHIMMER;171;60
S45;DELPHINIUM GUARDIAN;182;60
S46;DIANTHUS CORONA;133;90
S47;DIANTHUS DASH;129;30
S48;DIANTHUS IDEAL SELECT;75;30
S49;DIGITALIS DALMATIAN;107;30
S61;GAILLARDIA MESA;129;30
S62;GAURA SPARKLE WHITE;129;30
S63;GAZANIA KISS;96;30
S64;GAZANIA NEW DAY;75;30
S65;GERBERA COLOR BLOOM;305;60
S66;GERBERA MEGA REVOLUTION;305;60
S67;GERBERA REVOLUTION;305;60
S75;GLOXINIA BROCADE;107;60
S76;GR CAREX COLOR GRASS BRONCO;131;60
S77;GR CAREX COLOR GRASS PHOENIX GREEN;131;60
S78;GR FESTUCA COLOR GRASS FESTINA;131;60
S79;GR JUNCUS COLOR GRASS BLUE DART;140;60
S80;GR JUNCUS COLOR GRASS TWISTER;140;60
S81;GR STIPA COLOR GRASS PONY TAILS;140;60
S82;HE BASIL BOXWOOD;72;30
S83;HE BASIL ITALIAN LARGE LEAF;69;30
S84;HE BASIL SIMPLYHERBS TRYBASIL;92;60
S85;HE CHIVES ONION CIBOULETTE;90;60
S86;HE DILL FERNLEAF ENELDO;64;30
S87;HE LEMON BALM MELISA;76;60
S88;HE MINT PEPPERMINT;86;60
S89;HE MINT SPEARMINT;86;60
S90;HE OREGANO ITALIAN;86;60
S92;HE ROSEMARY;80;60
S93;HE RUE GRAVEOLENS RUTA;67;60
S94;HE THYME SUMMER;76;60
S95;HE THYME WINTER;76;60
S98;HYPOESTES SPLASH SELECT;92;90
S101;IMPASD SUPER ELFIN XP;80;60
S103;LAVANDULA ANG LAVANCE;96;60
S104;LAVANDULA AVIGNON EARLY BLUE;96;60
S105;LAVANDULA BANDERA;118;60
S110;LIMONIUM QIS;74;60
S112;LOBELIA RIVERA;68;30
S113;LOBELIA SP STARSHIP;124;30
S114;LUPIN GALLERY;118;30
S131;PANSY COOL WAVE;191;30
S132;PANSY FRIZZLE SIZZLE;100;30
S134;PENSTEMON CARILLO;102;60
S135;PENTAS LUCKY STAR;145;60
S137;PETUNIA BALL MIX PICOTEE;62;30
S138;PETUNIA COMBO BLUEE;70;30
S139;PETUNIA DREAMS AZUL;70;30
S140;PETUNIA EASY WAVE;257;30
S141;PETUNIA E3 EASY WAVE;257;30
S142;PETUNIA EX RIDER;69;30
S143;PETUNIA FUSEABLES BLUEBERRY LIME JAM;226;30
S144;PETUNIA PRETTY GRAND;68;30
S145;PETUNIA SHOCK WAVE;257;30
S146;PETUNIA TRITUNIA;64;30
S147;PETUNIA WAVE;257;30
S148;PROTULACA HAPPY HOUR;79;30
S149;PRIMAC DANESSA / OREJA DE OSO;131;90
S151;PRIMAC PRIMLET;175;90
S153;PRIMOB LIBRE;107;90
S167;RANUNCULUS BLOOMINDALE II;167;90
S156;SALVIA BIG BLUE;182;30
S157;SALVIA FAR VICTORIA BLUE;72;30
S158;SALVIA VISTA;67;30
S159;SALVIASP NEW DIMENSION;91;30
S186;VINCA MEDITERRANEAN XP;80;60
S187;VINCA PACIFICA XP;67;60
S188;VINCA TATTOO;94;60
S189;VIOLA SORBET XP;90;30
S190;ZINNIA ZAHARA DOUBLE;96;30
S191;ZINNIA ZESTY;157;30
S192;ALEGRIA DEL HOGAR SIMPLE;60;60
S197;STIPA NOSELA;168;60
S198;ERIGERON;97;90
S199;HUILMO;350;90
S200;CALLE CALLE;400;90
S195;LISIANTHUS;150;90
S201;COMINO;76;60
S202;TOMILLO;76;60
S99;IBERIS SEMP WHITEOUT;80;30
S203;PANSY COOL WAVE BLUE SKIES;191;30
S204;PANSY COOMORPHOL WAVE;191;30
S205;PANSY COOL WAVE MORPHO;191;30
S194;CRISANTEMO;130;90
S208;ESTRAGON;86;90
S209;MENTA PIPERITA;180;90
S210;MENTA SPICATA;86;90
S211;SALVIA SAGE;86;90
S206;MELISSA;90;90
S207;ENELDO;130;90
S212;ABUTILON BELLA;203;90
S01;ABUTION BELLA;203;90
S213;PEUMO;350;2
S214;HEUCHERA MIC MELTING FIRE;200;90
S215;HEUCHERA MIC PALACE PURPLE;86;90
S216;SALVIA STEPOSA;210;90
S217;LAURENTINA;500;90
S218;PRIMULA DANESA;131;60
S219;VIOLA SORBET JAMP;90;90
S220;PUYA CHILENSIS;250;90
S221;BEGONIA MEGAWATT PINK;257;90
S222;BEGONIA MEGAWATT ROSE;257;90
S223;BEGONIA MEGAWATT PINK RED;257;90
S224;PANSY ITALA MIX;191;90
S225;KNIPHOFIA AMARILLO NARANJA;250;90
S226;DAHLIA FIGARO;125;90
S227;KNIPHOPFIA AMARILLA;250;60
S228;STENOCARPUS ROJO;300;90
S229;SALVIA SOLAR RED;300;90
S230;PETUNIA HIBRIDA;65;60
S231;GERANIUM;215;90
S232;CELOSIA AMOR MIX;85;30
S233;PORTULACA HAPPY HOUR MIX;85;30
S234;DHALIA GARDEN PRIDE;78;60
S235;DHALIA HARLEQUIN;78;60
S236;OSTEOSPERMUM AKILA MIX;310;30
S237;LAVANDULA ELLAGANCE PINK;96;60
S238;VIOLA CORNUTA LOLITA MIX;90;60
S239;GAZANIA RIGENS DAY;75;30
S240;VIOLA SORBET XP MIX HARVEST;90;60
S241;PETUNIA HOTUNIA RADIANCE MIX;62;60
S242;ARMERIA MARITIMA;79;30
S243;LIMONIUM QIS WHITE;74;60
S244;LIMONIUM QIS ROSE;74;60
S245;LIMONIUM QIS BLUE DARK;74;60
S246;OSTEOSPERMUM MIX;310;60
S247;OSTEOSPERMUM SUNSET HADE;310;60
S248;LOBELIA BLUE PALACE;80;90
S249;MARIGOLD AFRICAN CLAVELON;85;90
S250;DIMORPHOTECAS;91;90
S251;PETUNIA DREAMS ROJA;70;30
S252;PETUNIA DREAMS BLANCA;70;30
S253;DUSTY MILLER (MARITIMA);90;90
S254;CRATEUS;200;90
S255;GERANIO HORIZON NEON ROSE;225;90
S256;GERANIO HORIZON RED DEEP;225;90
S257;GEUM MRS BRADSHAW;100;60
S258;SYSIRINCHIUM;210;90
S259;SALVIA STEPPOSA;210;90
S260;GAZANIA NEW DAY ROSE STRIPE;88;30
S261;GAZANIA NEW DAY MIX BRIGHTS;128;30
S262;LIMONIUM QIS MIX IPD;74;60
S263;AMPELODESMOS;210;90
S264;ALGARROBO;250;90
S265;ARRAYAN;250;90
S266;ESPINO;250;90
S267;HUINGAN;250;90
S268;LITRE;250;90
S269;MAITEN;250;90
S270;MOLLE;250;90
S271;PIMIENTO;250;90
S272;BOLDO;700;90
S273;QUILLAY/ QUILLAJA SAPONARIA;550;120
S274;ACACIA / ESPINO;550;90
S275;ALBAHACA;92;60
S276;STENOCARPUS VERDE;300;90
S277;MONSTERA;1000;90
S278;LIMONIUM QIS MIX;74;60
S279;PANSY MATRIXMIX CLEAR;0;60
S280;PENNISETUM RUPELIANO GRIS;250;60
S281;PENNISETUM RUPELIANO ROJO;250;60
S282;LIRIOPE MUSCARI;300;90
S283;DIMONDIA / DYMONDIA;300;60
S284;FESTUCA GLAUCA;250;60
S285;OPHIOPOGON;300;60
S286;ACHILLEA;250;60
S287;AGAPANTO BLANCO;300;90
S288;AGAPANTO AZUL /AGAPANTHO STORM CLOUD;300;90
S289;PANSY BLOTCH MIX;191;90
S290;PANSY CLEAR MIX (VIOLA NORMAL)191;191;90
S291;HIERBA BUENA;90;30
S292;MENTA NEGRA;90;30
S293;QUEBRACHO;450;90
S294;TULIPERO;550;120
S295;STIPA TENUISSIMA;170;90
S296;PENISETUM VILLOSUM / PENNISETUM VILLOSUM;298;90
S297;PENISETUM ALOPECUROIDES / PENNISETUM ALOPECUROIDES;298;90
S298;TULBAGHIA;300;90
S299;DIETES;300;90
S300;SALVIA RUSA;300;60
S301;LIBERTIA SESSILIFLORA;300;90
S302;LIBERTIA TRICOCCA;300;90
S303;CEDRON;220;90
S304;CRESPON;450;120
S305;NEPETA MUSSINI;300;90
S306;PEROVSKIA BLUE SPIRE;200;90
S307;TIQUI TIQUI 200 ALVEOLOS;300;60
S308;HAPLOPAPPUS;400;120
S309;LLAGUNOA;300;90
S310;ALSTROEMERIA;300;90
S311;SISYRINCHIUM;250;90
S312;ATUTENO;300;90
S313;ACHUPALLA/ ERYNGIUM PANICULATUM;250;90
S314;HESPERALOE PARVIFLORA;400;90
S315;BACHARIS LINEARIS/ROMERILLO;300;90
S316;LAVANDA ANGUSTIFOLIA MUNSTEAD;300;90
S317;TOMATE CHERRY;200;60
S318;PHILOENDRO PARAGUAYOS;1000;90
S319;EQUINACEA;120;90
S320;LIMONIUM STATICE;90;60
PA01;PACKING STARKEN;2430;0
PA02;PACKING CORREOS DE CHILE;3000;0
PA03;PACKING CHILEEXPRESS;3000;0
PA04;PACKING GENERAL;2430;0
PT01;SUCULENTA CON SEDUM (BANDU);1200;0
PT02;CLAVELINA (M13) (BANDU 2023);650;0
PT03;LAVANDA BLUE SPEAR (M17) (BANDU);2300;0
PT04;OSTEOSPERMUM (M14)(BANDU);1250;0
PT05;LAVANDA FRANCESA (M14) (BANDU);1600;0
PT06;LAVANDA BLUE SPEAR (M17);4000;0
PT07;LAVANDA FRANCESA (M14);3500;0
PT08;OSTEOSPERMUM (M14);3000;0
PT10;LAVANDA BLUE SPEAR (M17) (BANDU 2021);1300;0
PT11;LAVANDA FRANCESA (M14) (BANDU 2021);650;0
PT12;OSTEOSPERMUM (M14)(BANDU 2021);800;0
PT13;COPROSMA;4000;0
PT14;LAVANDA BLUE SPEAR (M17) (BANDU 2023);1790;0
PT15;LAVANDA FRANCESA (M14) (BANDU 2023);1250;0
PT16;OSTEOSPERMUM (M14)(BANDU 2023);880;0
PT17;SUCULENTA CON SEDUM;2900;0
PT18;HORTENSIA;7500;0
PT19;TIQUI TIQUI BOL 15;1200;0
PT20;SOLANUM RANTONETII;8000;0
PT21;JADE O PORTULACARIA AFRA;1200;0
PT22;PUYA CHILENSYS;800;0
PT23;CRATEUS BOLSA 20;1500;0
PT24;PITOSPORUM TOBIRA ARBUSTIVO;12000;0
PT25;PITOSPORUM NIGRICAM;7000;0
PT26;ROMERO ARBUSTIVO/ ROSMARINUS OFFICINALIS;7000;0
PT27;ROSMARINUS OFFICINALIS/ ROMERO ARBUSTIVO;9000;0
PT28;APTENIA CORDIFOLIA (V-LIM) BOLSA 15X15;1071;0
PT29;FALKIA REPENS (O-GAB) BOLSA 15X15;1785;0
PT30;DYMONDIA (O-GAB) BOL15X15;835;0
PT31;FESTUCA (O-GAB) BOLSA 15X15;1190;0
PT32;ARMERIA (O-GAB) BOL 15X15;1190;0
PT33;VINCA MINOR (O-GAB) BOL15X15;1071;0
PT34;VITADINIA (O-GAB) BOL15X15;1071;0
PT35;ROSA FLORIBUNDA ICEBERG (O-GAB);8330;0
PT36;LAUREL FLOR ENANO (O-GAB);10710;0
PT37;TULBAGHIA VIOLACEA;5950;0
PT38;OREJA DE OSO (O-GAB) BOL 15X15;833;0
PT39;ACER JAPONICO (O-GAB);35700;0
PT40;FILICA (O-GAB) BOL25;8330;0
PT41;VIBURNUM MASCANTHA (O-GAB);20000;0
PT43;MENTA BOLSA15X15 (V-HIER);800;0
PT44;MELISA BOLSA15X15 (V-HIER);800;0
PT45;ROMERO CASTILLA BOLSA15X15 (V-HIER);950;0
PT46;HIERBA BUENA BOLSA15X15 (V-HIER);800;0
PT47;MENTA POLEO O MENTA NEGRA BOLSA15X15 (V-HIER);800;0
PT48;MIOSPORO 10 A 20 CM (V-HIER);960;0
PT49;MIOSPORO 40 CM A 1 MTS (V-HIER);3570;0
PT50;POLEO BOLSA15X15 (V-HIER);800;0
PT51;RUDA BOLSA15X15 (V-HIER);800;0
PT52;OREGANO;850;0
PT53;TOMATE CHERRY BOLSA15X15 (V-HIER);844;0
PT54;DOLAR VERDE MAC20 (V-HIER);5236;0
PT55;DOLAR VARIEGADO MAC20 (V-HIER);5712;0
PT56;DOLAR NEGRO MAC20 (V-HIER);5236;0
PT57;DOLAR NEGRO AMARILLO MAC20 (V-HIER);5236;0
PT58;INCIENSO MAC20 (V-HIER);5236;0
PT59;CANELO 1MTS A 1.5 MTS (V-HIER);8500;0
PT60;MATICO BOLSA15X15 (V-HIER);1300;0
PT61;TOMILLO STRAGON BOLSA15X15 (V-HIER);900;0
PT64;MONALISA MAC20 (V-HIER);5474;0
PT65;HELECHO MAC20(V-HIER);5950;0
PT66;TUCAN 40 A 50 CM MAC17 (V-HIER);9520;0
PT67;CINTA MALA MADRE MAC20 (V-HIER);4760;0
PT68;AMARANTA VERDE MAC20 (V-HIER);5950;0
PT70;ROMERO RASTRERO BOL-25;5900;0
PT71;DIMONDIA. BOL 17;1400;0
PT72;CERASTRIUM TORMENTOSUM/ COLCHON DE NOVIA;2500;0
PT73;DOCA;400;0
TR01;TRANSPORTE VALPARAISO;80000;0
TR02;TRANSPORTE SANTIAGO SECTOR ORIENTE;120000;0
TR03;TRANSPORTE SANTIAGO SECTOR PONIENTE;140000;0
TR04;TRANSPORTE RANCAGUA;160000;0
TR05;TRASLADO SANTIAGO SECTOR ORIENTE;12000;0
TR06;TRASLADO SANTIAGO SECTOR PONIENTE;15000;0
TR07;TRASLADO EN CENTRO DE SANTIAGO;50000;0
TR08;TRANSPORTE CLIENTE;50000;0
TR09;TRANSPORTE DE BANDEJA;5000;0
TR10;TRANSPORTE BUIN;120000;0
SLS01;LIMPIEZA DE SEMILLA PROFUNDA POR 1GR;30000;0
SLS02;LIMPIEZA DE SEMILLA MEDIANO POR 1GR;20000;0
SLS03;LIMPIEZA DE SEMILLA MINIMA POR 1GR;10000;0
SC01;SUSTRATO ORQUIDEA CULTIGARDEN 2 LTS;7000;0
SC02;SUSTRATO ORQUIDEA CULTIGARDEN 10 LTS;18540;0
SC03;SUSTRATO DE JARDÍN Y MACETAS CULTIGARDEN 2 LTS;4774;0
SC04;SUSTRATO DE JARDÍN Y MACETAS CULTIGARDEN 10 LTS;8425;0
SC05;SUSTRATO MULTIUSO CULTIGARDEN 2 LTS;3651;0
SC06;SUSTRATO MULTIUSO CULTIGARDEN 10 LTS;5617;0
SC07;SUSTRATO SUCULENTA CULTIGARDEN 2 LTS;4774;0
SC08;SUSTRATO SUCULENTA CULTIGARDEN 10 LTS;8152;0
SC09;MULCH O CHIPS DE QUILLAY SACO 40 LTS;7000;0
SC12;SUSTRATO MULTIUSO 2 LTS CULTIGARDEN;3651;0
SC13;BALAS DE TURBA PINDSTRUP SEEDING 0-10M;56500;0
SC14;TURBA RUBIA FINA 70 LITROS JIFFY;49500;0
MAC01;MACETA BIODEGRADABLE DE TURBA 260CC, 20UNI;4284;0
MAC02;MACETA BIODEGRADABLE DE TURBA 99CC, 20UNI;2975;0
BOL01;BOLSA DE 15;130;0
CPA01;USO DE LINK FLOW;1000;0
ARB01;MAITEN (S-PE) 1.5 MTS A 2 MTS;15000;0
ARB02;TARA (S-PE) 1.5 MTS A 2 MTS;15000;0
ARB03;JACARANDA (S-PE) 1.5 MTS A 2 MTS;15000;0
ARB04;PIMIENTO (S-PE) 1.5 MTS A 2 MTS;15000;0
ARB05;QUILLAY (S-PE) 1 MTS A 1.3 MTS;12000;0
ARB06;BELLOTO (S-PE) 1.5 MTS A 2 MTS;15000;0
ARB07;BRACHICHITO 3 MTS A 4 MTS;20000;0
ARB08;EUCALIPTO DOLAR 1 MTS A 1.5 MTS;8500;0
